{"cameraMode":{"drawMode":0,"name":"Shaded","section":"Shading Mode"},"sceneLighting":true,"audioPlay":false,"sceneViewState":{"showFog":true,"showMaterialUpdate":false,"showSkybox":true,"showFlares":true,"showImageEffects":true,"showParticleSystems":true},"in2DMode":false,"pivot":{"x":3.4983677864074709,"y":-0.18209317326545716,"z":0.5346578359603882},"rotation":{"x":-0.5081334114074707,"y":-0.27743059396743777,"z":0.17712931334972382,"w":-0.7959119081497192},"size":9.428895950317383,"orthographic":true}